Bit,Source_File,Tag,Date_BestGuess
"Perspective: We’ve got his ambitions (authenticity, impact, transgression-as-truth), his fears (becoming too “good” to stay dangerous), and his tools (tangents, raw memory, semi-fictional mythologizing).",BENT N MORE.txt,Fiction,
"Opening scene(s): Peepers, the car, the sea-mine-eyed stud-guy turned salt-crying desert mystic. A soft-tissue continuation of the original story’s broken arc.",BENT N MORE.txt,Fiction,
"Narrative options: Flashback, flash-sideways, full throttle forward. All on the table.",BENT N MORE.txt,Fiction,
"We’ve got linked stylistic DNA from Myspace posts, unfinished vignettes, fiction fragments.",BENT N MORE.txt,Fiction,
"""Misspellings that whisper secrets.""",BENT N MORE.txt,Fiction,
"**""Fingertips""** is mentioned in the context of your 2005 creative activity but was posted on MySpace in **2007**.",GAPS_ROUGH.txt,Fiction,2005
"The story behind **""Microscope neck"" and Bill Shiller**.",GAPS_ROUGH.txt,Fiction,
"The ""story that started it all"" related to **""The Man Cage"" and COSI in the '90s**.",GAPS_ROUGH.txt,Fiction,
"The full story of **""making friends with Tina Cottone""**.",GAPS_ROUGH.txt,Fiction,
"**Project: ""Bent 'N' Dent 2""**: While the conceptual frame and opening scene are established, many of the proposed elements for the sequel are still placeholders for future stories.",GAPS_ROUGH.txt,Fiction,
"The full story of **""Macula,"" the guy with studs in his eyes**, beyond his visual description and current desert dwelling.",GAPS_ROUGH.txt,Fiction,
"More specific instances of **""crazy hilljack shit""** beyond Scooter's dental story.",GAPS_ROUGH.txt,Fiction,
"The story behind **Tommy Estep and the ""knucklebar moustache""**.",GAPS_ROUGH.txt,Fiction,
**Other Works and Concepts**: Many older or tangential creative works are mentioned by title with minimal plot or thematic detail.,GAPS_ROUGH.txt,Fiction,
"The full story of **""The Discount Carter Emmett""**.",GAPS_ROUGH.txt,Fiction,
"Here is a comprehensive mind map of the material in the provided documents, categorizing content as fiction, memoir, or chat, and indicating where each topic is fleshed out or merely flagged for future exploration.",INDEX_ROUGH.txt,Fiction,
### **Mind Map of Documents & Conversation History**,INDEX_ROUGH.txt,Fiction,
"**Purpose**: Tracks files for ""Great Moments in My Personal Science History"" project.",INDEX_ROUGH.txt,Fiction,
"**""Council of Uncomfortable Critique Elders""**: Assembling a critical polyphony from various authors/thinkers for story feedback.",INDEX_ROUGH.txt,Fiction,
"**Purpose**: Testing story's resonance, moral, emotional, and stylistic resilience.",INDEX_ROUGH.txt,Fiction,
"**AI Setup for Emulation**: Uses Custom Instructions for ""personality grounding"" and pre-priming with real texts (essays, interviews, fiction excerpts).",INDEX_ROUGH.txt,Fiction,
**II. Fiction (User's Works)**,INDEX_ROUGH.txt,Fiction,
**Prick City Blues** (Unfinished Novel) - **Fleshed Out**,INDEX_ROUGH.txt,Fiction,
"**The Hellfire Pigeon** (Unfinished Short, 2011) - **Fleshed Out**",INDEX_ROUGH.txt,Fiction,2011
"**Bent 'N' Dent** (Published Flash, 2004) - **Fleshed Out**",INDEX_ROUGH.txt,Fiction,2004
"**Motivations**: Titillate Myspace friends, showcase body mod scene, blend fictionalized anecdotes with sci-fi, blur reality/fiction, build underground following.",INDEX_ROUGH.txt,Fiction,
"**A Tealeaf from the Tangledays** (Finished Flash, 2017) - **Fleshed Out**",INDEX_ROUGH.txt,Fiction,2017
"**Miss Poughkeepsie 1954** (Finished Flash, 2011) - **Fleshed Out**",INDEX_ROUGH.txt,Fiction,1954
"**Nellibeth** (Published Short, 2012) - **Fleshed Out**",INDEX_ROUGH.txt,Fiction,2012
"**The Gilgamesh Golem** (Published Short, 2003) - **Fleshed Out**",INDEX_ROUGH.txt,Fiction,2003
**Fingertips** (Finished Vignette) - **Fleshed Out**,INDEX_ROUGH.txt,Fiction,
"**Character Development/Dialogue**: Implicit characterization, authentic dialogue, emotional realism, subtle growth/change.",INDEX_ROUGH.txt,Fiction,
"**Genre Blending/Subverting Expectations**: Fearless mixing, undermining reader expectations, irony & satire.",INDEX_ROUGH.txt,Fiction,
"Identity and Otherness, Power, Authority, Rebellion, Memory, History, Time, Ambiguity and Interpretation, Irony, Satire, Human Folly, Materiality and the Body.",INDEX_ROUGH.txt,Fiction,
**Author's Narrative Psyche (Speculative Synthesis)**: **Fleshed Out**,INDEX_ROUGH.txt,Fiction,
**III. Collaborative Story Writing (Chat)**,INDEX_ROUGH.txt,Fiction,
"**""The Wishing Heart"" / ""Kraken Mare Hunt""** (Titan Researcher Story) - **Fleshed Out**",INDEX_ROUGH.txt,Fiction,
"**Character**: Cale (jaded mid-level researcher, subtle father-daughter relationship with Ivery).",INDEX_ROUGH.txt,Fiction,
"**Original Intent (circa 2005)**: Titillate Myspace friends, explore body mod/transhumanism crossover, blur reality/fiction, build underground following.",INDEX_ROUGH.txt,Fiction,2005
"**Characters**: Gary, Peepers, Scooter, Opalline.",INDEX_ROUGH.txt,Fiction,
"**Concept**: Semi-autonomous, lo-fi AI theater livestream with virtual characters (Skyrim NPCs) mouthing text feeds.",INDEX_ROUGH.txt,Fiction,
**IV. Memoir (Personal History of Science)**,INDEX_ROUGH.txt,Fiction,
"**Overarching Theme**: The human side of science (quirks, humor, misadventures, eccentric characters, personal connections).",INDEX_ROUGH.txt,Fiction,
"**Scientific Mishap Tarot Deck**: Framework for memoir, each card a story/chapter, mapping liminal spaces of scientific culture.",INDEX_ROUGH.txt,Fiction,
"There’s the man cage, of course, or the story that started at all (stories on vinyl, analog monologues, The Way Station",LIST OF TOPICS.txt,Fiction,
"Oh, and museum change. As well as museum stasis. I am among the very few people that worked almost exactly the same amount of time at both the old COSI and the new COSI. Yes, we all miss the old place",LIST OF TOPICS.txt,Fiction,
"Nathan McKnight: A Mind Map of Creative Output, Personal History, and Collaborative Exploration",TIMELINE_ROUGH.txt,Fiction,
I. Personal History & Memoir [Memoir],TIMELINE_ROUGH.txt,Fiction,
AMNH Years (American Museum of Natural History),TIMELINE_ROUGH.txt,Fiction,
II. Fiction Projects & Creative Works,TIMELINE_ROUGH.txt,Fiction,
◦ Published/Finished Fiction [Fiction],TIMELINE_ROUGH.txt,Fiction,
"""Bent 'N' Dent"" (Published Flash, 2004): Intended to titillate MySpace friends; blends semi-autobiographical elements (moving to Florida with Peepers, her parents' dented-can store, pig sacrifice, chased by father) with body modification; ""psycho-literal punk pastoral"" vibe; blurs reality/fiction; builds underground following.",TIMELINE_ROUGH.txt,Fiction,2004
"Formal Observations: Characters have orbits, not arcs; objects carry emotional weight; pacing conversational/trimmed; subtly layered voice.",TIMELINE_ROUGH.txt,Fiction,
"Purpose: Giving self permission to have slight, maniacal internal editors; writing persona into being, letting line blur.",TIMELINE_ROUGH.txt,Fiction,
"Original Plot elements: Gary, busted-up discount store, pig-heavy scene, lunatic father.",TIMELINE_ROUGH.txt,Fiction,
"""A Tealeaf from the Tangledays"" (Finished Flash, 2017): Pseudo-scholarly article format with enigmatic references, then crude student notes; satire on fantasy lore and scholarship.",TIMELINE_ROUGH.txt,Fiction,2017
"""Miss Poughkeepsie 1954"" (Finished Flash, 2004): Satirizes beauty pageants; grotesque automaton wins; dry, amused tone; comedic effect with em-dash.",TIMELINE_ROUGH.txt,Fiction,1954
"""Nellibeth"" (Published Short, 2012): Contemporary Western with near-future sci-fi (synthetic meat, environmental tech); narrator with nuanced suspicion and hope; implicit characterization.",TIMELINE_ROUGH.txt,Fiction,2012
"""The Gilgamesh Golem"" (Published Short, 2003): Mythic fantasy, historical fiction, political allegory; golem's soliloquy, Paul in Jewish Harlem, landlord Israel ben Muhammad; blend of ancient/modern themes.",TIMELINE_ROUGH.txt,Fiction,2003
◦ Unfinished/In-Progress Fiction [Fiction],TIMELINE_ROUGH.txt,Fiction,
"""Prick City Blues"" (Unfinished Novel): Urban crime/noir with dystopian/alt-history flavor; Josey's observations, soot-stained foundations.",TIMELINE_ROUGH.txt,Fiction,
"""The Hellfire Pigeon"" (Unfinished Short, 2011): Coming-of-age with alt-history/steampunk fantasy; boy and Pa, fox hunts, school troubles, quads, cyborg-ostrich, hellfire jar; episodic structure.",TIMELINE_ROUGH.txt,Fiction,2011
"""The Appetite"" (Unfinished Short).",TIMELINE_ROUGH.txt,Fiction,
"""The Damps"" (Unfinished Short).",TIMELINE_ROUGH.txt,Fiction,
"""Three, In the Morning"" (Unfinished Short).",TIMELINE_ROUGH.txt,Fiction,
"""George & Maurice"" (Unfinished Short).",TIMELINE_ROUGH.txt,Fiction,
"""Kashmir Sky"" (Unfinished Short).",TIMELINE_ROUGH.txt,Fiction,
"◦ Project: ""The Wishing Heart"" (Titan Story) [Fiction]",TIMELINE_ROUGH.txt,Fiction,
"Core Plot: Researcher Cale on Titan, mundane duties, becomes obsessed with finding rare ""wishing heart"" organism for daughter Ivery.",TIMELINE_ROUGH.txt,Fiction,
"Characters: Cale (middle-aged, jaded, burnt-out researcher, once almost rising scientist); Ivery Gendolyn Gotschalb (daughter, coined ""wishing heart"" term); Hazel Fern Vesey (nee Shaw, ex-wife/mother).",TIMELINE_ROUGH.txt,Fiction,
"Themes: Identity, ambiguity, memory, history, power, absurdity (emerges from character/setting); desire for connection/beauty/lineage/love; philosophical questions.",TIMELINE_ROUGH.txt,Fiction,
"◦ Project: ""Bent 'N' Dent 2: The Dentening / Studs and Spinal Jacks"" [Fiction], [Memoir]",TIMELINE_ROUGH.txt,Fiction,
"Inspiration: Titillating MySpace friends (horny, social connections); semi-fictionalized real anecdotes (user's life, others' stories); body modification scene as ""cutting edge"" of transhumanism.",TIMELINE_ROUGH.txt,Fiction,
"Narrative Arc: Sequel to original ""Bent 'N' Dent,"" continuation of characters and mood; blurring reality/fiction for underground following.",TIMELINE_ROUGH.txt,Fiction,
"Characters: Peepers (clicks tongue, doesn't look); Opalline (ghost in side-mirror, ""i love you so much"" from buried Friendster cache).",TIMELINE_ROUGH.txt,Fiction,
"Theme: Human side of science (quirks, humor, misadventures, eccentric characters), science as lived experience.",TIMELINE_ROUGH.txt,Fiction,
"Flavor Arcs: Climactic, Vanishing, Echo, Pulse, False Climax arcs (storytelling shapes for flavor time).",TIMELINE_ROUGH.txt,Fiction,
"""Sasha's Last Three Drops"": LSD trip (see I. Personal History).",TIMELINE_ROUGH.txt,Fiction,
"""The Man Cage"": COSI 90s (see I. Personal History).",TIMELINE_ROUGH.txt,Fiction,
Knowledge Transmission as Linguistic Imperialism: Flowchart of coinage pathways from Latin/Greek roots through languages.,TIMELINE_ROUGH.txt,Fiction,
"◦ Core Goal: To ""absolutely nail not just my voice, but my thinking"" to ""be me in fiction, when asked"".",TIMELINE_ROUGH.txt,Fiction,
"""Bent 'N' Dent VR Studio"".",TIMELINE_ROUGH.txt,Fiction,
"Voice: Locked in—clove-stained, unfiltered, performatively sincere, laced with “horny weird Midwest pulp mystic.”",BENT N MORE.txt,Memoir,
Tone: Not nostalgia—necromancy. Stylized glitch-realism through Myspace-graffiti memoir style.,BENT N MORE.txt,Memoir,
"**Mid-Late 1990s Ohio State University Experiences**: This period covers several years, and individual events lack specific year markers:",GAPS_ROUGH.txt,Memoir,1990
Your consideration of taking **Dr. Dale Gnidovec's job at Orton Geological Museum**.,GAPS_ROUGH.txt,Memoir,
"**Late 1990s Post-College & Early Career at COSI**: Many anecdotes from your formative years at COSI lack precise dates, falling under a broad ""early career"" period:",GAPS_ROUGH.txt,Memoir,1990
"The **""Wild West"" of COSI** experiences, such as drinking liquid nitrogen, freezing pizza for Japanese tourists, and the ""Cyro breaking the window"" incident.",GAPS_ROUGH.txt,Memoir,
"The development of **""volunteer's compunction""**.",GAPS_ROUGH.txt,Memoir,
"The amusing lore about **U.S. Presidents being ""under 4 feet tall""** and the **""ghost in the elevator""** at COSI.",GAPS_ROUGH.txt,Memoir,
"**Memoir Project: ""Under the Dome of Fossils: Episodes in the Secret Lives of Science""**: While a framework for this memoir and some ""tentpost"" anecdotes have been identified, most ""side quests"" and ""texture & flavor"" details remain as prompts rather than full stories.",GAPS_ROUGH.txt,Memoir,
"**""Teddy Roosevelt's roast pig""** and **""Tibetan monks""** at AMNH parties.",GAPS_ROUGH.txt,Memoir,
"**""Exhibits that never were""** (COSI's Life exhibit, computer donations) and their connection to an ""expensive Irish dinner"".",GAPS_ROUGH.txt,Memoir,
"Specific anecdotes relating to **""Wisneland and science center monoculture""**.",GAPS_ROUGH.txt,Memoir,
"Details of **""gamification (in museums)""**.",GAPS_ROUGH.txt,Memoir,
"Anecdotes about **""people who get kicked out of science museums""**.",GAPS_ROUGH.txt,Memoir,
"**Project: ""One Drink"" / ""Last Drink"" Bar**: The concept is clearly defined, but specific, never-to-be-repeated cocktail creations and their accompanying customer interactions are not yet detailed.",GAPS_ROUGH.txt,Memoir,
"**Project: Mock High Sparrow Cocktail Recreation**: While the theoretical approach to flavor sequencing is discussed in depth, the practical ""getting weird in the kitchen"" anecdotes are not yet fully told.",GAPS_ROUGH.txt,Memoir,
"**""Dream Exhibits""**.",GAPS_ROUGH.txt,Memoir,
"**Core Idea**: Researcher Cale on Titan, finds rare ""wishing heart"" fossil, embarks on personal hunt for living specimen for daughter.",INDEX_ROUGH.txt,Memoir,
"**Structure**: Myspace-style serialized entries, fragmented, abrupt shifts, direct address.",INDEX_ROUGH.txt,Memoir,
"**Columbus Landmarks & Food Culture**: Apollo's Pizza, Tradewinds, Monkeys Retreat, basement sci-fi bookstore, Karen Wyckliff Books, Hounddog's, Bernie's (True Soul Rocker), Blue Dube, Magnolia Thunderpussy, Larry's.",INDEX_ROUGH.txt,Memoir,
"**""One Drink"" Bar Concept**: Tiny one-seat bar, rare booze, personal concoctions, foraging, memory-based drinks.",INDEX_ROUGH.txt,Memoir,
"**Mix CD Culture**: ""Two Tracks Only"" art, burning CDs as cultural manifestos, emotional intimacy, declared self.",INDEX_ROUGH.txt,Memoir,
"**Transition to Science Museum Career**: Picking up Dr. James Hughes in broken 1978 Corolla, car dies.",INDEX_ROUGH.txt,Memoir,1978
"**Chronological (Initial Idea)**: Preface (science geek, Pluto, trekkie) → COSI years → Interludes (college/geology, McGraw-Hill) → AMNH years.",INDEX_ROUGH.txt,Memoir,
"**Memoir as ""Confirmatory Apocrypha""**: Stories that perfectly fit a person's vibe, functioning more like folklore than evidence; mapping science's unconscious.",INDEX_ROUGH.txt,Memoir,
"**COSI Years (90s)**: First day (Betty Bryant, EG stories, jumping volunteer), presidents under 4 feet tall, ghost in elevator, using architecture for pedagogy, sleeping under desk, late night tours, vacuuming T-Rex toes, dusting meteorite, mornings at museum, Laura & battle hymn, lens in closet, man cage/Wild West (liquid nitrogen, freezing pizza, singed eyebrows, Pringle can, volunteer injury, sheep freezing).",INDEX_ROUGH.txt,Memoir,
"**AMNH Years**: Party dynamics, Teddy Roosevelt's roast pig, Tibetan monks, B-list celebrities vs. Sackler, playgrounds for rich (caviar, Pi, maids, Neanderthal), Ian Tattersall & Skyrim, coincidences (Megan Knight, Gwen, McKnight), Astronomy on Tap, Sexology on Tap.",INDEX_ROUGH.txt,Memoir,
"**Exhibits (Favorites & Dream)**: Slow Mo camera, SloMo building dial, fire tornado, tilted diner, video games & racing (enthusiasm training), Life exhibit decomposition (Irish dinner), no donations of goods.",INDEX_ROUGH.txt,Memoir,
"**Professional Pathologies**: Microscope neck (Bill Shiller), cellist's scrotum, volunteer's compunction (avoiding swearing), educator's husband, imposter syndrome, academic pressure, irrational fear of failure.",INDEX_ROUGH.txt,Memoir,
"**Philosophical/Pedagogical**: Academic infiltration of informal pedagogy, pathological science, teachers who care, unreasonable enthusiasm, gamification, architecture as pedagogy.",INDEX_ROUGH.txt,Memoir,
"And maybe museum lore, the sex life of scientist",LIST OF TOPICS.txt,Memoir,
Old COSI versus new,LIST OF TOPICS.txt,Memoir,
Mornings at the museum,LIST OF TOPICS.txt,Memoir,
"Old COSI, Laura, the battle hymn",LIST OF TOPICS.txt,Memoir,
"And on those lines, maybe what what who who (the AMNH party dynamic)",LIST OF TOPICS.txt,Memoir,
"and, the man cage leads to the wild West, a.k.a. what it was like, being a volunteer at COSI in the 90s",LIST OF TOPICS.txt,Memoir,
"Drinking liquid nitrogen, freezing pizza for Japanese tourists, honestly, all the things that used to be my good stories from science museums before AMNH",LIST OF TOPICS.txt,Memoir,
"All the singed eyebrows, the ear ringing Pringle can, the volunteer who sprayed some kind of cleaning fluid into a bottle and burnt himself, sheep freezing",LIST OF TOPICS.txt,Memoir,
"My favorite museum exhibits of all time, and my dream exhibits that should exist",LIST OF TOPICS.txt,Memoir,
"The difference between a science center and a museum, experience, wise and culturally",LIST OF TOPICS.txt,Memoir,
These are all science editorial stuff by the way,LIST OF TOPICS.txt,Memoir,
"the academic infiltration of informal pedagogy, and just where is the state of pathological science anyway?",LIST OF TOPICS.txt,Memoir,
"the first day at COSI (the undeniable Betty Bryant, EG stories and the jumping volunteer)",LIST OF TOPICS.txt,Memoir,
"more COSI lore (surprisingly all presidents of the United States have been under 4 feet tall, the ghost in the elevator [tying back to the other ghost in the other elevator and Margaret Meade’s bookplate",LIST OF TOPICS.txt,Memoir,
"using the architecture (pedagogy: creating connections, creating self reinforcing connections, the rocks of AMNH, the fossils of cosi (shit, I guess I used my geology there after all)",LIST OF TOPICS.txt,Memoir,
"microscope neck, cellist’s scrotum, volunteer’s compunction (cursing), educator’s husband, and other professional pathologies (real and imagined)",LIST OF TOPICS.txt,Memoir,
"and Bill Shiller had it, or maybe that was just somebody’s pet theory I don’t know. Volunteers compunction is how when somebody grows up in a science museum",LIST OF TOPICS.txt,Memoir,
"But volunteers compunction is the avoidance of swearing, even in one’s personal life where appropriate, may also include such habits as telling people “ walk, please” when visiting an amusement park",LIST OF TOPICS.txt,Memoir,
"Oh, and the best (and worst*) science jokes",LIST OF TOPICS.txt,Memoir,
"And of course, the one where Heisenberg gets pulled over and told he was going 90 miles an hour, to which he replies, great, now I’m lost! I feel like these another jokes can be sprinkled throughout. - Amongst them, chemistry bingo groaners.",LIST OF TOPICS.txt,Memoir,
And while I’m thinking about it other old time cosine stories like Cyro breaking the window,LIST OF TOPICS.txt,Memoir,
"But for God sake, our first floor exhibits still featured the Commodore 64 is in 1989. That whole era have already touched on in my stories I’ve mentioned about Andrea, Shelley, the material pursuit game",LIST OF TOPICS.txt,Memoir,1989
should also mention Wisneland and science center monoculture if I haven’t already,LIST OF TOPICS.txt,Memoir,
"AMNH geology curator, impressing him at a party by coming up with the off the cuff term pressure shadow off the top of my head without knowing that’s what it was really called",LIST OF TOPICS.txt,Memoir,
Now I wanna get some of my favorite exhibits down in a list,LIST OF TOPICS.txt,Memoir,
"Oh, and maybe an aside about video games and the science of racing",LIST OF TOPICS.txt,Memoir,
And there’s the people who get kicked out of science museums.,LIST OF TOPICS.txt,Memoir,
"there were the exhibits that never were (cosi’s Life exhibit about decomposition, and what it evolved into",LIST OF TOPICS.txt,Memoir,
"Living in the VOA Building, Columbus (2005): Shared space with glassblowers (Keikichi Honna), hot air balloon enthusiast, ceramist Kiera Norton; inadvertently managed property with Bill and Yuki.",TIMELINE_ROUGH.txt,Memoir,2005
"Columbus Cultural Landmarks: Reminiscences about Hounddog's, Mikey's, Apollo's (metal stairs), basement used bookstore, Karen Wyckliff Books, Larry's, the Blue Danube, Bernie's (The Distillery, Bagels, Soul Rocker sandwich).",TIMELINE_ROUGH.txt,Memoir,
"Climbing in Okinawa without gloves (2005): Personal anecdote and metaphor for direct connection, pushing physical limits, feeling something real beyond performative life.",TIMELINE_ROUGH.txt,Memoir,2005
"◦ Scientific Career & Museum Life (COSI, McGraw-Hill, AMNH)",TIMELINE_ROUGH.txt,Memoir,
COSI Years (Old & New),TIMELINE_ROUGH.txt,Memoir,
"Working as ""principal"" of middle school program (problem students in office).",TIMELINE_ROUGH.txt,Memoir,
"""Wild West"" of COSI in '90s (liquid nitrogen drinking, freezing pizza for Japanese tourists, singed eyebrows, Pringle can, cleaning fluid volunteer, sheep freezing).",TIMELINE_ROUGH.txt,Memoir,
"""First day at COSI"": Betty Bryant, EG stories, jumping volunteer.",TIMELINE_ROUGH.txt,Memoir,
"""More COSI lore"": Presidents under 4 feet tall (humorous), ghost in the elevator.",TIMELINE_ROUGH.txt,Memoir,
"""Old COSI vs. new COSI"": Worked same amount of time at both; Commodore 64s in 1989 exhibits; Wisneland, science center monoculture.",TIMELINE_ROUGH.txt,Memoir,1989
"""Favorite Exhibits"": Slow-Mo camera/building dial, fire tornado, tilted diner.",TIMELINE_ROUGH.txt,Memoir,
"""Exhibits that never were"": Decomposition exhibit (and its evolution into expensive Irish dinner), never taking computer donations.",TIMELINE_ROUGH.txt,Memoir,
"Bill Nye anecdote: Boss gave user ""shit"" for not wearing lab coat when Bill Nye walked in.",TIMELINE_ROUGH.txt,Memoir,
"""AMNH party dynamic"" (""what what who who"").",TIMELINE_ROUGH.txt,Memoir,
"""Volunteer's compunction"" (avoiding swearing).",TIMELINE_ROUGH.txt,Memoir,
Mentors & Colleagues,TIMELINE_ROUGH.txt,Memoir,
"◦ Prague 1968 paleontological conference: barricaded in hotel, bullet hit wall, tanks rolled in, voted to continue conference.",TIMELINE_ROUGH.txt,Memoir,1968
Dale Gneidovec: User thought of taking his job.,TIMELINE_ROUGH.txt,Memoir,
"Dr. James Hughes: Picked up from Columbus airport (transhumanist, futurist, cyberpunk Buddhist Marxist); 1978 sky-blue Toyota Corolla dies, shared drink; Hughes ""a prole at heart"". (Considered a memoir transition anecdote).",TIMELINE_ROUGH.txt,Memoir,1978
"Witnessed her face transform into ""glowing mask"" of ""plasma"" with ""Wut"" (wrath) fused with love; felt like being at ""tight center of a torus"".",TIMELINE_ROUGH.txt,Memoir,
Mornings at the museum.,TIMELINE_ROUGH.txt,Memoir,
"Old COSI, Laura, the battle hymn.",TIMELINE_ROUGH.txt,Memoir,
"Aesthetic Position: Capitalism, nostalgia, personal diminishment without naming them; working-class sacred in a joke.",TIMELINE_ROUGH.txt,Memoir,
Tommy Estep: Guy who popularized knucklebar moustache.,TIMELINE_ROUGH.txt,Memoir,
"◦ Memoir Project: ""Under the Dome of Fossils: Episodes in the Secret Lives of Science"" / ""Lab-Coated Trickster: Notes from the Margins of Enlightenment"" [Memoir], [Chat]",TIMELINE_ROUGH.txt,Memoir,
"Core ""Tentpost"" Anecdotes: Mark Norell's office, Ian Tattersall, Bill Nye, Pluto's demotion, Stig Bergström, Dr. Hughes.",TIMELINE_ROUGH.txt,Memoir,
"""Scientific Mishap Tarot Deck"" Concept: Each card represents mythologized science anecdote.",TIMELINE_ROUGH.txt,Memoir,
Gamification (in museums).,TIMELINE_ROUGH.txt,Memoir,
"""The Man Cage"" (COSI 90s).",TIMELINE_ROUGH.txt,Memoir,
"""Old COSI, Laura, the battle hymn"".",TIMELINE_ROUGH.txt,Memoir,
AMNH party dynamic.,TIMELINE_ROUGH.txt,Memoir,
"""Volunteer's compunction"" (avoiding swearing).",TIMELINE_ROUGH.txt,Memoir,
"""Museum change vs. museum stasis"".",TIMELINE_ROUGH.txt,Memoir,
"""Exhibits that never were"" (COSI's Life, decomposition).",TIMELINE_ROUGH.txt,Memoir,
"◦ Project: ""One Drink"" / ""Last Drink"" Bar [Memoir], [Chat]",TIMELINE_ROUGH.txt,Memoir,
"Concept: Tiny, one-seat bar; stocked with rare/unique booze; bespoke, never-to-be-repeated cocktail for each customer.",TIMELINE_ROUGH.txt,Memoir,
"◦ Project: Mock High Sparrow Cocktail Recreation [Memoir], [Chat]",TIMELINE_ROUGH.txt,Memoir,
"Original: Vegan/raw place ""Commune"" in Columbus; ingredients like ginger, turmeric, carrot, sea bean.",TIMELINE_ROUGH.txt,Memoir,
"""Dream Exhibits"".",TIMELINE_ROUGH.txt,Memoir,
"""Pathological science"".",TIMELINE_ROUGH.txt,Memoir,
"◦ ""Cockney Baroque English"": User's coinage; ornate, twisted, rhythmically complex; plays on melodramatic, decorative, complex nature.",TIMELINE_ROUGH.txt,Memoir,
"Russian Parallel Coinage System: ""Cosmos,"" ""cosmonaut""; ""naukovedenie"" (different from sociology/philosophy of science).",TIMELINE_ROUGH.txt,Memoir,
"Goals: Not just stories—rituals, infections, fingerprints. Invitations to let meaning ooze in the gaps between punchlines and perversions.",BENT N MORE.txt,Meta,
You've asked for an analysis of which parts of our conversation history contain insufficiently dated information and which anecdotes are insufficiently fleshed out. I've reviewed the provided sources and our conversation to identify these areas.,GAPS_ROUGH.txt,Meta,
"While a broad timeline of your life and creative periods has been established, many specific anecdotes and creative works lack precise dating (e.g., month, day, or narrower year range within a decade). This can create ambiguity when trying to place them chronologically.",GAPS_ROUGH.txt,Meta,
**Dating Discrepancies:** There are a few instances where the initial timeline and subsequent discussions or analyses provide conflicting dates for creative works:,GAPS_ROUGH.txt,Meta,
"**""The Hellfire Pigeon""** is listed under ""2005: MySpace Era & Early Fiction Writing"" but is explicitly dated **2011** in its analysis.",GAPS_ROUGH.txt,Meta,2005
"**""Miss Poughkeepsie 1954""** is also listed under the 2005 era but is dated **2011** in its analysis.",GAPS_ROUGH.txt,Meta,1954
"**""A Tealeaf from the Tangledays""** appears in the 2005 era but is dated **2017** in its analysis.",GAPS_ROUGH.txt,Meta,2005
"The development of the **""transdermal tail implant""** plotline.",GAPS_ROUGH.txt,Meta,
**I. Project Context & Meta-Discussions** (Chat / Memoir Index),INDEX_ROUGH.txt,Meta,
**Project Catalog Index – Draft 1 (14 Jul 2025)**,INDEX_ROUGH.txt,Meta,2025
"**ChatGPT derivative**: AI-generated summaries, analyses, or conversations.",INDEX_ROUGH.txt,Meta,
"**Goal**: ChatGPT to ""be me in fiction,"" understand ""voice"" and ""thinking"".",INDEX_ROUGH.txt,Meta,
"**AI Analysis of User's Writing Style**: Comprehensive, multi-dimensional (stylistic fingerprints, structural patterns, genre subversions, character dynamics, pacing, grammatical quirks, thematic consistency, philosophical and psychological undercurrents).",INDEX_ROUGH.txt,Meta,
**Existing Works & AI Analysis (from `BENT N MORE.txt` & analysis by ChatGPT)**:,INDEX_ROUGH.txt,Meta,
"**""Bent 'N' Dent 2"" (Sequel Planning)** - **Fleshed Out (Conceptual)**",INDEX_ROUGH.txt,Meta,
"**Sea Bean / Samphire Connection**: Personal convergence, realization of same plant.",INDEX_ROUGH.txt,Meta,
**Memoir Structure & Themes (from `LIST OF TOPICS.txt` & planning discussions)**: **Fleshed Out (Conceptual)**,INDEX_ROUGH.txt,Meta,
"Pluto's Demotion: Assistant editor assigned to IAU conference (a ""shit show""); advised McGraw-Hill to stop calling Pluto a planet, convinced by technical definition.",TIMELINE_ROUGH.txt,Meta,
Transdermal tail implant: Mystery of who she left it to in will.,TIMELINE_ROUGH.txt,Meta,
"Scooter (User's dad's bandmate): Looked like Lurch, distorted ear, dollar store hippie, cat/pig/Florida story, best rockclimber, bad teeth/implants, dentist story (tooth into sinus cavity).",TIMELINE_ROUGH.txt,Meta,
"◦ User's Writing Style (My Analysis): Varied sentence lengths, grammatical experimentation, parenthetical asides, em dashes, ellipses, vivid metaphors, sensory richness, lyricism, scene breaks, implicit characterization, authentic dialogue, emotional realism, productive ambiguity, emotional resonance, transition techniques, genre blending (irony/satire), nonlinear/experimental structures, foreshadowing/circularity.",TIMELINE_ROUGH.txt,Meta,
"◦ User's Cognitive Style (My Analysis): Mosaic Imagination, Analytical yet Playful Thinking, Curiosity about the Unseen, Philosophical-Aesthetic Framework, Inventive Juxtapositions, Wit and Irony, Sensory-grounded storytelling, Multiple Layers, Human-Centric Focus.",TIMELINE_ROUGH.txt,Meta,
"◦ ""The problem with writing conventions. Is that they're for writing."": Meta-epistemological statement about representation and limits of textual systems; rebellion against clarity=transparency; conventions as camouflage, not explanation.",TIMELINE_ROUGH.txt,Meta,
"◦ NotebookLM Integration: Prep for NLM ""research interview"" (teaching NLM to think like user's creative self); using user's fiction/meta-thinking as training data.",TIMELINE_ROUGH.txt,Meta,
NotebookLM can be inaccurate; please double check its responses.,TIMELINE_ROUGH.txt,Meta,
1. Hydrocarbon Lakes and Seas:,BENT N MORE.txt,Unknown,
2. Phase Behavior and Stratification:,BENT N MORE.txt,Unknown,
3. Seasonal and Climatic Effects:,BENT N MORE.txt,Unknown,
1. Dune Fields:,BENT N MORE.txt,Unknown,
2. Fluvial Channels and Canyons:,BENT N MORE.txt,Unknown,
3. Evaporite Deposits:,BENT N MORE.txt,Unknown,
"2. Titan's oceans are not water—they're primarily methane and ethane, with nitrogen and other dissolved organics.",BENT N MORE.txt,Unknown,
"Right!* … But even here, you can see their differences of meaning.",BENT N MORE.txt,Unknown,
Good*—then *hurt* them.”,BENT N MORE.txt,Unknown,
It’s all herring. It’s all stock. It’s all wrong.,BENT N MORE.txt,Unknown,
It’s a self-referential cliché generator.,BENT N MORE.txt,Unknown,
It’s meta-punning on the decay of originality itself.,BENT N MORE.txt,Unknown,
"Theme anchors: Bodymod-as-ritual, sincerity-as-bait, the uncanny sincerity of Opalline, the interstitial weirdness of early internet identity.",BENT N MORE.txt,Unknown,
"We’ve got real anecdotes (Scooter, Estep, Kiera, Fallon, the pig, the tree in Thailand, etc.).",BENT N MORE.txt,Unknown,
We’ve got the meta-structure—your older self retracing the arc of a younger self who was already writing himself as half-myth.,BENT N MORE.txt,Unknown,
"We’ve even got Opalline—the uncanny angel of sincerity-stalk who could haunt the margins of this whole project as symbol, structure, or fuck-you to linearity.",BENT N MORE.txt,Unknown,
“Punctuation that feels like an explosion.”,BENT N MORE.txt,Unknown,
"Narrative as body mod: pierced, tattooed, scarified.",BENT N MORE.txt,Unknown,
Humor that stutters just before sincerity hits.,BENT N MORE.txt,Unknown,
"Language as texture—meant to be felt, not read.",BENT N MORE.txt,Unknown,
### Insufficiently Dated Anecdotes and Information,GAPS_ROUGH.txt,Unknown,
Here are the key areas where more precise dating would be beneficial:,GAPS_ROUGH.txt,Unknown,
"Your fieldwork experiences, including **skinny dipping with Terry Wilson, Shelly Judge, and Nichols/Nicholson**.",GAPS_ROUGH.txt,Unknown,
The single date with **Regina Thompson**.,GAPS_ROUGH.txt,Unknown,
Your **discovery that Betty Bryant was a WWII pilot**.,GAPS_ROUGH.txt,Unknown,
The timeframe for your work as an **Assistant Editor at McGraw-Hill**.,GAPS_ROUGH.txt,Unknown,
**Later 2000s - 2010s Personal Life and Creative Work**: This is a broad period for several significant personal experiences:,GAPS_ROUGH.txt,Unknown,2000
"**Inheriting the LSD (""Sasha's Last Three Drops"")** and the subsequent trip.",GAPS_ROUGH.txt,Unknown,
"Your conceptualization of **""patina""** and its connection to time and memory.",GAPS_ROUGH.txt,Unknown,
### Insufficiently Fleshed-Out Anecdotes,GAPS_ROUGH.txt,Unknown,
"You've provided numerous ""memory flags"" and ""side quests"" that offer glimpses into rich stories, but many have not been fully developed into detailed narratives within our conversation. These are topics where more ""texture and flavor"" could be added.",GAPS_ROUGH.txt,Unknown,
Here are the anecdotes and concepts that could benefit from further elaboration:,GAPS_ROUGH.txt,Unknown,
"**""Small world, Dr. Dino""** and **""A strange kiss, and strings""**.",GAPS_ROUGH.txt,Unknown,
"The details of **Allison & Andrea's ""small world"" connection** and **Shelly's notebook labeled ""trip to Ireland""**.",GAPS_ROUGH.txt,Unknown,
"Your **""nerd trivia chaos""** with Terry, Shelly, Dr. Krissek, and Dr. Wilson.",GAPS_ROUGH.txt,Unknown,
"The full narrative of **""The Neanderthal Breast Size Argument""** and the **""curator who screamed at me over the phone""**.",GAPS_ROUGH.txt,Unknown,
"The anecdote of the **""educator's husband"" and other ""professional pathologies""**.",GAPS_ROUGH.txt,Unknown,
"The content and impact of **""assigned reading: Relic""**.",GAPS_ROUGH.txt,Unknown,
"The full experience of **""unreasonable enthusiasm"" / ""enthusiasm training moment""**.",GAPS_ROUGH.txt,Unknown,
"The meaning and associated stories of **""stories on vinyl, analog monologues, The Way Station… Leading back to sex on tap""**.",GAPS_ROUGH.txt,Unknown,
"Specific instances of **""how to turn a zine into a qualification""**.",GAPS_ROUGH.txt,Unknown,
"The anecdote involving **""The distribution of the African gull (in South America)""**.",GAPS_ROUGH.txt,Unknown,
"Elaboration on **""just what does an editor do anyway?""** and **""Easter eggs in Arkansas test prep""**.",GAPS_ROUGH.txt,Unknown,
"The experiences behind **""You can judge a book by its cover""** in editorial work.",GAPS_ROUGH.txt,Unknown,
"The narrative behind **""Small world, Dr. Dino""** and **""A strange kiss, and strings""**.",GAPS_ROUGH.txt,Unknown,
"Specific details of **""Giving B list celebrities the what for, not as good as giving a Sackler, the what for""**.",GAPS_ROUGH.txt,Unknown,
"The full narrative of **""Playgrounds for the rich""** (caviar, digits of pi, maids, Neanderthal).",GAPS_ROUGH.txt,Unknown,
The **Skyrim connection to Ian Tattersall**.,GAPS_ROUGH.txt,Unknown,
"Specific **""coincidences""** beyond the Megan/Gwen McKnight example.",GAPS_ROUGH.txt,Unknown,
"The specific settings and experiences of **""astronomy on tap and sexology on tap""**.",GAPS_ROUGH.txt,Unknown,
"Specific narratives involving **""flesh-pull/flesh-lift stuff""**.",GAPS_ROUGH.txt,Unknown,
"The full anecdote of **""climbing a 5.10 tree in Thailand""**.",GAPS_ROUGH.txt,Unknown,
"The full anecdote of **""synesthetic make-outs""**.",GAPS_ROUGH.txt,Unknown,
"More details of **Scooter's ""Florida, the cat, the pigs... pig-heavy scene""** and his rock climbing prowess.",GAPS_ROUGH.txt,Unknown,
The full narrative involving **Binge-o**.,GAPS_ROUGH.txt,Unknown,
"**""The Appetite,"" ""The Damps,"" ""Three, In the Morning,"" ""Blue Jay's Tree,"" ""George & Maurice,"" ""Kashmir Sky""**.",GAPS_ROUGH.txt,Unknown,
"The context of **""Teachers who care rule""**.",GAPS_ROUGH.txt,Unknown,
"More on the **""Trivial Pursuit Chaos""** beyond the one specific answer.",GAPS_ROUGH.txt,Unknown,
"The narrative behind **""Rosette on the wall""** and **""Drummer in the attic""**.",GAPS_ROUGH.txt,Unknown,
"The full context of **""Flying your own personal...""** and **""I know a girl in that movie""**.",GAPS_ROUGH.txt,Unknown,
"The anecdote of **""Making friends with Tina Cottone""**.",GAPS_ROUGH.txt,Unknown,
"This comprehensive breakdown should help you pinpoint areas for further development, either by providing more specific dates where possible or by fleshing out the narratives of the many intriguing ""memory flags"" you've shared.",GAPS_ROUGH.txt,Unknown,
**Provenance Categories**:,INDEX_ROUGH.txt,Unknown,
**Source**: Written/spoken by user or real-world participants (primary material).,INDEX_ROUGH.txt,Unknown,
**Mixed**: User-assembled documents blending quotes with summary.,INDEX_ROUGH.txt,Unknown,
"**Proposed Columns**: Date range, Major themes, Status (keeper/cull/maybe), Legal/privacy flags, Notes for memoir placement.",INDEX_ROUGH.txt,Unknown,
**AI Emulation & Critique Strategy** (Chat),INDEX_ROUGH.txt,Unknown,
"**Proposed Members**: David Mamet, Clarice Lispector, Virginia Woolf, Franz Kafka, Galsan Tschinag, Martin Amis, Raymond Chandler, Jeff Vandermeer, Roy Chapman Andrews, China Miéville.",INDEX_ROUGH.txt,Unknown,
"**Critique Method**: Internal monologue, line-by-line reflection, identifying author's intention, speculating on elevation.",INDEX_ROUGH.txt,Unknown,
**User's Communication Style & Feedback Preferences**:,INDEX_ROUGH.txt,Unknown,
"**Preference for Critique**: Wants less flattery, more pushback and comparative assessment.",INDEX_ROUGH.txt,Unknown,
"**""The problem with writing conventions. Is that they're for writing. I would argue that text does not explain itself.""**: Core argument on representation, limits of textual systems, and truth in writing.",INDEX_ROUGH.txt,Unknown,
"**Headspace (circa 2005)**: Resignation as banter, reality as inventory, humor as rupture, resistance to resolution.",INDEX_ROUGH.txt,Unknown,2005
"**Themes**: Embodiment & transformation, kink/mod culture as lens, truth disguised as perversion, Internet as performance space, fetish as philosophy.",INDEX_ROUGH.txt,Unknown,
**General Stylistic Traits (across works)**: **Fleshed Out**,INDEX_ROUGH.txt,Unknown,
"**Sentence Structure/Rhythm**: Varied lengths, rhythmic repetition, grammatical experimentation.",INDEX_ROUGH.txt,Unknown,
"**Diction/Tone**: Colloquial vs. elevated, dry humor & absurdity, surreal touches, voice modulation.",INDEX_ROUGH.txt,Unknown,
"**Syntax Quirks/Punctuation**: Parentheses, em dashes, creative typography, ellipses.",INDEX_ROUGH.txt,Unknown,
"**Metaphor/Figurative Language/Sensory Detail**: Vivid metaphors, multisensory richness, lyricism.",INDEX_ROUGH.txt,Unknown,
"**Pacing/Narrative Rhythm**: Controlled, strategic scene breaks, emotional/thematic pacing.",INDEX_ROUGH.txt,Unknown,
"**Scene Construction/Transitions**: Grounded settings, productive ambiguity, emotional resonance, clever transitions.",INDEX_ROUGH.txt,Unknown,
"**Narrative Perspective/Structural Risk-Taking**: Flexible POV, nonlinear/experimental structures, foreshadowing/circularity.",INDEX_ROUGH.txt,Unknown,
**Cognitive Style & Philosophical Commitments (Underlying Themes)**: **Fleshed Out**,INDEX_ROUGH.txt,Unknown,
"Mosaic Imagination, Analytical yet Playful Thinking, Empathy and Humanism, Curiosity about the Unseen, Recurrent Emotional Palette, Philosophical-Aesthetic Framework.",INDEX_ROUGH.txt,Unknown,
"**Setting**: Kraken Mare, Titan; scientifically accurate, tactile/visceral descriptions.",INDEX_ROUGH.txt,Unknown,
"**Creature**: *Neocryaster stelliferum* (""living fossil,"" rare, declining biodiversity, potential ""dying world"").",INDEX_ROUGH.txt,Unknown,
**Conflict/Motivation**: Cale's internal drive and longing for daughter.,INDEX_ROUGH.txt,Unknown,
"**Narrative Elements**: Internal monologue, landscape observations, anomalies, disorientation, ending ambiguity.",INDEX_ROUGH.txt,Unknown,
"**Sequel Elements**: Eye-stud guy, flesh-pull/flesh-lift, Thailand tree climbing, ninjas and rock climbing, tails and/or wings.",INDEX_ROUGH.txt,Unknown,
"**Themes**: Embodiment & transformation, identity, shame & display, kink & control, fetish as philosophy, internet as performance space, uncanny sincerity.",INDEX_ROUGH.txt,Unknown,
**Livestreaming / Virtual Avatar Setup** - **Fleshed Out (Conceptual)**,INDEX_ROUGH.txt,Unknown,
"**Tools**: OBS, TTS engine (ElevenLabs), Skyrim/CreationKit/SKSE.",INDEX_ROUGH.txt,Unknown,
**Core Anecdotes & Concepts** (Fleshed Out):,INDEX_ROUGH.txt,Unknown,
**Mark Norell's Office**: Dancing on the desk where Latin died.,INDEX_ROUGH.txt,Unknown,
**Ian Tattersall**: Parting a tour group like Moses to thank user for middle school class.,INDEX_ROUGH.txt,Unknown,
"**Bill Nye Encounter**: Asking for cocaine, defending user's hustle, urinal moment.",INDEX_ROUGH.txt,Unknown,
"**""Sasha’s Last Three Drops""**: Inherited LSD, experience with friend/ex, ""guarded fall,"" difficulty expressing.",INDEX_ROUGH.txt,Unknown,
"**Patina Concept**: ""Imprint of existence on the thing,"" existential lightness, sublime imperfection.",INDEX_ROUGH.txt,Unknown,
"**Stig Bergström**: Thesis advisor, road trip, scraping egg yolk, ""Jills for gills,"" ""jonads,"" edible taxa.",INDEX_ROUGH.txt,Unknown,
"**Rousseau Flowers**: Ape suit, dog in paleontological association, bullwhip, chainsmoker, Prague conference.",INDEX_ROUGH.txt,Unknown,
**Dr. Krissek & Terry Wilson**: Classroom vs. field personas.,INDEX_ROUGH.txt,Unknown,
"**Dire Wolves Anecdote**: Middle school kids in office, one thinks dire wolf is ""regular wolf with four legs"".",INDEX_ROUGH.txt,Unknown,
"**High Sparrow Mocktail**: Flavor layering, ""Temporal Flavor Structuring"" / ""Flavor Chronotecture"".",INDEX_ROUGH.txt,Unknown,
"**Found Magazine**: Patron saint zine of beautiful ephemera, emotional archaeology.",INDEX_ROUGH.txt,Unknown,
**Halloween in Germany**: Mixtapes for Antje credited (apocryphally) with introducing Halloween to Germany.,INDEX_ROUGH.txt,Unknown,
"**Photos**: User in 2005 (long hair, sunglasses, Marcon photo booth, vampire hunting license, Halloween party).",INDEX_ROUGH.txt,Unknown,2005
**Doric Dream**: Secret languages carried.,INDEX_ROUGH.txt,Unknown,
**Pluto Image Change**: Visualizing how Pluto's image changed over years (green ball to scientific rendering).,INDEX_ROUGH.txt,Unknown,
"**Proposed Structure**: Non-linear / rhizomatic (organic, interconnected memories), jumping back and forth in time, chapters as self-contained stories.",INDEX_ROUGH.txt,Unknown,
"**Major Arcana Examples**: The Turret, The Desk Where Latin Died, The Engineer of Public Understanding (Bill Nye), The Pluto Paradox.",INDEX_ROUGH.txt,Unknown,
"**Minor Arcana Suits**: Pipettes, Bones, Lanyards, Keycards.",INDEX_ROUGH.txt,Unknown,
**Memory Flags / Topics for Future Exploration** (Needs Further Exploration - from `LIST OF TOPICS.txt` and ongoing discussions):,INDEX_ROUGH.txt,Unknown,
"**McGraw-Hill Editorial**: Pluto debate (editorial process, controversies), zine to qualification, reusing old books, African gull, Tina Cottone, editor's role, Easter eggs in Arkansas, judging book by cover.",INDEX_ROUGH.txt,Unknown,
"**General/Recurring**: Small world stories (Dr. Dino, Allison, Andrea, Shelly), strange kiss & strings, teacher fetish.",INDEX_ROUGH.txt,Unknown,
`LIST OF TOPICS.txt`: Source (brainstorm) - Master bullet list of anecdotes to cover.,INDEX_ROUGH.txt,Unknown,
Ducks have two legs,LIST OF TOPICS.txt,Unknown,
That’s carrying,LIST OF TOPICS.txt,Unknown,
Parrotdactyl,LIST OF TOPICS.txt,Unknown,
"Howler, monkeys and baboons",LIST OF TOPICS.txt,Unknown,
Flying your own personal spaceship (mum),LIST OF TOPICS.txt,Unknown,
I know a girl in that movie,LIST OF TOPICS.txt,Unknown,
climbing to see the stegosaurus,LIST OF TOPICS.txt,Unknown,
The rosette on the wall,LIST OF TOPICS.txt,Unknown,
The drummer in the attic,LIST OF TOPICS.txt,Unknown,
gamification,LIST OF TOPICS.txt,Unknown,
sleeping under the desk,LIST OF TOPICS.txt,Unknown,
Late night tours,LIST OF TOPICS.txt,Unknown,
Vacuuming between the T-Rex toes,LIST OF TOPICS.txt,Unknown,
Dusting the meteorite,LIST OF TOPICS.txt,Unknown,
The lens in the closet,LIST OF TOPICS.txt,Unknown,
"Small world, Dr. Dino",LIST OF TOPICS.txt,Unknown,
"a strange kiss, and strings",LIST OF TOPICS.txt,Unknown,
"for more of that kind of thing,",LIST OF TOPICS.txt,Unknown,
"oh, we have to talk about Allison",LIST OF TOPICS.txt,Unknown,
"And Andrea, on the small world side (frufru.!)",LIST OF TOPICS.txt,Unknown,
"and Shelly, and why that notebook was labeled trip to Ireland",LIST OF TOPICS.txt,Unknown,
"oh boy, maybe teacher fetish",LIST OF TOPICS.txt,Unknown,
Teddy Roosevelt’s roast pig maybe,LIST OF TOPICS.txt,Unknown,
"Oh, and definitely the Tibetan monks",LIST OF TOPICS.txt,Unknown,
"Giving B list celebrities the what for, not as good as giving a Sackler the what for",LIST OF TOPICS.txt,Unknown,
"Playgrounds for the rich (caviar packed lunch, digits of pi, maids with no names, and a Neanderthal I used to know)",LIST OF TOPICS.txt,Unknown,
"Ian, Tattersall, and Skyrim (already covered Ian here, but the Skyrim connection is interesting and fun, and I like the pairing of the two)",LIST OF TOPICS.txt,Unknown,
"coincidences are all around us: Megan Knight, and Gwen, whose father was named McKnight, which is my name",LIST OF TOPICS.txt,Unknown,
astronomy on tap and sexology on tap,LIST OF TOPICS.txt,Unknown,
Leading back to sex on tap),LIST OF TOPICS.txt,Unknown,
How to turn a zine into a qualification,LIST OF TOPICS.txt,Unknown,
Give me the skinny. Do you ever just reuse stuff from the old books?,LIST OF TOPICS.txt,Unknown,
The distribution of the African gull (in South America),LIST OF TOPICS.txt,Unknown,
making friends with Tina Cottone,LIST OF TOPICS.txt,Unknown,
just what does an editor do anyway?,LIST OF TOPICS.txt,Unknown,
Easter eggs in Arkansas test prep,LIST OF TOPICS.txt,Unknown,
You can judge a book by its cover,LIST OF TOPICS.txt,Unknown,
Leading into teachers who care rule,LIST OF TOPICS.txt,Unknown,
Leading into unreasonable enthusiasm,LIST OF TOPICS.txt,Unknown,
Why do stand-up when comedy works better when people aren’t expecting it?,LIST OF TOPICS.txt,Unknown,
tying into Stephen J Gould‘s pseudo fossil]),LIST OF TOPICS.txt,Unknown,
"When I found out Betty Bryant have been a World War II pilot, All I could think was something like well, that tracks",LIST OF TOPICS.txt,Unknown,
"OK, some more jumping around here",LIST OF TOPICS.txt,Unknown,
"reading trivial pursuit cards, and the worst editition of trivial pursuit (1 box Boomer edition + 1 box 1989 specific edition",LIST OF TOPICS.txt,Unknown,1989
"speaking of Goulds, the most classic answer ever in that game was to a question about Bette Midler’s ex-husband, or one of them: “Burt Reynolds” “No less attractive”  “Elliot Gould” “correct.”)",LIST OF TOPICS.txt,Unknown,
the discount Carter Emmett,LIST OF TOPICS.txt,Unknown,
the Michael Jackson security guard and Neil Degrasse Tyson annual dance off,LIST OF TOPICS.txt,Unknown,
assigned reading: Relic.,LIST OF TOPICS.txt,Unknown,
"Well, as far as I can tell microscope neck is a real thing",LIST OF TOPICS.txt,Unknown,
actually that describes Teddy Roosevelt and I’m sure he had no compunctions about anything,LIST OF TOPICS.txt,Unknown,
There’s something about spending ones formative years as an educator,LIST OF TOPICS.txt,Unknown,
what’s the one about something like,LIST OF TOPICS.txt,Unknown,
I think the punch line is,LIST OF TOPICS.txt,Unknown,
I’m Newton standing on a square meter,LIST OF TOPICS.txt,Unknown,
Which means I’m Pascal! Not it!,LIST OF TOPICS.txt,Unknown,
I’m sure you’ve heard it,LIST OF TOPICS.txt,Unknown,
And then there’s the old one with stereotypical Native Americans with the punchline is basically an elaborate pun on the sum of the square of the other two sides,LIST OF TOPICS.txt,Unknown,
"And just general frame shifting stuff like how bionics is defined, and how we look at it, how technology is defined and how we look at it",LIST OF TOPICS.txt,Unknown,
"But, all the bad jokes naturally remind me of One of the best stories I have",LIST OF TOPICS.txt,Unknown,
"which leads naturally to Ashton Applewhite, a.k.a. Blanche Knot",LIST OF TOPICS.txt,Unknown,
"no, that was a moment that goes right up there with",LIST OF TOPICS.txt,Unknown,
"not Neil Degrasse Tyson, but right up there with I don’t know",LIST OF TOPICS.txt,Unknown,
"Somewhere above the Stig Bergstrom experience, and below Tyson‘s Star Trek quiz",LIST OF TOPICS.txt,Unknown,
"oh, and there’s the whole argument about Neanderthal breast size. In a room full of people who. Didn’t see the irony.",LIST OF TOPICS.txt,Unknown,
The curator who screamed at me over the phone,LIST OF TOPICS.txt,Unknown,
Did everybody forget I exist? (I don’t think anybody knew he existed),LIST OF TOPICS.txt,Unknown,
"I couldn’t remember what it was. I wanted to say about gamification earlier, besides the Skyrim thing",LIST OF TOPICS.txt,Unknown,
"As well as Alex and his game studies. And !xôõ. There’s also the Minecraft non-thing, and the surprising connection between Nintendo, and playing cards. Not to mention, dominoes and dice. And the whole thing about the dice",LIST OF TOPICS.txt,Unknown,
I don’t remember his name. It was like something Eber’s maybe,LIST OF TOPICS.txt,Unknown,
"There’s the slow Mo camera, as well as the SloMo building dial",LIST OF TOPICS.txt,Unknown,
there’s a fire tornado,LIST OF TOPICS.txt,Unknown,
Maybe the tilted diner,LIST OF TOPICS.txt,Unknown,
"I can’t remember what it is about this particular thing, but it does tie to another thing",LIST OF TOPICS.txt,Unknown,
"I mentioned before, I don’t remember the phrasing, but it was something along the lines of unbelievable exuberance, or something about enthusiasm",LIST OF TOPICS.txt,Unknown,
"Basically learning how to be interested in everything, and excited about it",LIST OF TOPICS.txt,Unknown,
And the enthusiasm training moment.,LIST OF TOPICS.txt,Unknown,
"And also, nobody’s crying nobody’s bleeding Everything‘s good",LIST OF TOPICS.txt,Unknown,
"And what that has to do with an expensive Irish dinner), and maybe why never to take donations of goods, particularly computers",LIST OF TOPICS.txt,Unknown,
mund: from munt meaning “protector” or “hand/guardianship”,PERSONAL SCI HISTORY_FULL.txt,Unknown,
"i- as a buffer vowel is quite natural in both Germanic and Latin phonology, especially when smoothing consonant clusters.",PERSONAL SCI HISTORY_FULL.txt,Unknown,
"which leads naturally to Ashton Applewhite, a.k.a. Blanche Knot… no, that was a moment that goes right up there with … not Neil Degrasse Tyson, but right up there with I don’t know… Somewhere above the Stig Bergstrom experience, and below Tyson‘s Star Trek quiz",PERSONAL SCI HISTORY_FULL.txt,Unknown,
"Here is a mind map of the material in the documents, exhaustively flagged by type:",TIMELINE_ROUGH.txt,Unknown,
◦ Early Life & Formative Experiences,TIMELINE_ROUGH.txt,Unknown,
"Anarchism Post (2005): Identified as 100% ""Anarchism,"" 78% ""Respect Party"" in quizzes; wrote open letter criticizing lack of practical action; trying to figure out where user fit between ""Theorists"" and ""Punx"".",TIMELINE_ROUGH.txt,Unknown,2005
McGraw-Hill Editorial Department,TIMELINE_ROUGH.txt,Unknown,
Pluto's Changing Image: Visualization of Pluto as a shiny forest green ball (1967 Imperial Edition Rand McNally atlas) vs. modern scientific rendering.,TIMELINE_ROUGH.txt,Unknown,1967
"""Easter eggs in Arkansas test prep"".",TIMELINE_ROUGH.txt,Unknown,
"""You can judge a book by its cover"".",TIMELINE_ROUGH.txt,Unknown,
"""Making friends with Tina Cottone"".",TIMELINE_ROUGH.txt,Unknown,
"""Just what does an editor do anyway?"".",TIMELINE_ROUGH.txt,Unknown,
"""Give me the skinny. Do you ever just reuse stuff from the old books?"".",TIMELINE_ROUGH.txt,Unknown,
"""The distribution of the African gull (in South America)"".",TIMELINE_ROUGH.txt,Unknown,
"Dancing on Mark Norell's Desk: Turret office, 20 feet above floor, at Christmas party; ""danced right where Latin died,"" on the desk itself.",TIMELINE_ROUGH.txt,Unknown,
Ian Tattersall: Parted tour group like Moses to thank user for middle school class.,TIMELINE_ROUGH.txt,Unknown,
"""Teddy Roosevelt's roast pig"".",TIMELINE_ROUGH.txt,Unknown,
"""Tibetan monks"".",TIMELINE_ROUGH.txt,Unknown,
"""Small world, Dr. Dino"".",TIMELINE_ROUGH.txt,Unknown,
"""A strange kiss, and strings"".",TIMELINE_ROUGH.txt,Unknown,
"""Allison & Andrea (Frufru!)"".",TIMELINE_ROUGH.txt,Unknown,
"Shelly, notebook labeled ""trip to Ireland"".",TIMELINE_ROUGH.txt,Unknown,
"""Nerd trivia chaos"" (with Terry, Shelly, Dr. Krissek, Dr. Wilson).",TIMELINE_ROUGH.txt,Unknown,
"""The Neanderthal Breast Size Argument"": Absurd discussion in academic setting.",TIMELINE_ROUGH.txt,Unknown,
Curator's phone meltdown.,TIMELINE_ROUGH.txt,Unknown,
"""Microscope neck"" (Bill Shiller).",TIMELINE_ROUGH.txt,Unknown,
"""Educator's husband"" and ""professional pathologies"".",TIMELINE_ROUGH.txt,Unknown,
Ashton Applewhite (Blanche Knot) anecdote.,TIMELINE_ROUGH.txt,Unknown,
"Dr. Stig Bergström: Senior thesis advisor (""Middle Ordovician Conodont Biostratigraphy...""), road trip to Central Pennsylvania, sharing motel room, scraping egg yolk with butter knife.",TIMELINE_ROUGH.txt,Unknown,
"◦ Quirky language: ""Jills for gills,"" ""Jell-O"" for color; mentioned edible taxa; ""sea urchins, you eat the jonads?"".",TIMELINE_ROUGH.txt,Unknown,
"◦ ""Zaleeva"" (spit for conodont slides).",TIMELINE_ROUGH.txt,Unknown,
"Dr. David Elliott: Tall British guy, namesake of Cryolophosaurus ellioti, tectonics course opening.",TIMELINE_ROUGH.txt,Unknown,
"Dr. Terry Wilson: ""Schoolmarm in classroom, heavy drinker in field"".",TIMELINE_ROUGH.txt,Unknown,
"Dr. Lawrence Krissek: ""Interesting in classroom, stick in mud in field"".",TIMELINE_ROUGH.txt,Unknown,
"Dr. Rousseau Flowers (Russell Feather/Rudy Flowers): Came to conference in ape suit, dog inducted into paleontological association, shot hole through office ceiling, bullwhip with craps, chainsmoker in shower, Wikipedia entry, son verified smoking.",TIMELINE_ROUGH.txt,Unknown,
◦ Personal Reflections & Sensations,TIMELINE_ROUGH.txt,Unknown,
"""Sasha's Last Three Drops"": Inherited LSD (allegedly from Sasha Shulgin); consumed with schizophrenic ex-girlfriend; ""harm-reduction intimacy"" not transcendence.",TIMELINE_ROUGH.txt,Unknown,
"Experience ""doesn't reduce to metaphor,"" ""vivid and unresolvable,"" ""sacred knot"".",TIMELINE_ROUGH.txt,Unknown,
"""Patina"" concept: Acute feeling of world being ""slightly off,"" transparent layered imprint of existence on things (shiny Bakelite, sticker on notebook).",TIMELINE_ROUGH.txt,Unknown,
"""Teacher fetish"".",TIMELINE_ROUGH.txt,Unknown,
"""Dancing on the desk where Latin died"" - ""I danced right where Latin died."".",TIMELINE_ROUGH.txt,Unknown,
"""The Thanks That Parted the Crowd"" (Ian Tattersall).",TIMELINE_ROUGH.txt,Unknown,
Sleeping under the desk.,TIMELINE_ROUGH.txt,Unknown,
Late night tours.,TIMELINE_ROUGH.txt,Unknown,
Vacuuming between the T-Rex toes.,TIMELINE_ROUGH.txt,Unknown,
Dusting the meteorite.,TIMELINE_ROUGH.txt,Unknown,
The lens in the closet.,TIMELINE_ROUGH.txt,Unknown,
"""Assigned reading: Relic"".",TIMELINE_ROUGH.txt,Unknown,
"""Unreasonable enthusiasm"" / ""Enthusiasm training moment"": learning to be interested in everything and excited about it.",TIMELINE_ROUGH.txt,Unknown,
"Emotional Core/Headspace: Resignation dressed as banter; humor as rupture, not relief; underwriting as realism; bones-deep familiarity with futility; not mocking, but enshrining.",TIMELINE_ROUGH.txt,Unknown,
"2005 Voice: Low-key philosophic, glib, bruised, emotionally precise under jokes, toggling punchline/sacred truth. Manic but musical; self-aware/mocking; intimate chaos.",TIMELINE_ROUGH.txt,Unknown,2005
"""Blue Jay's Tree"" (Unfinished Longer Piece).",TIMELINE_ROUGH.txt,Unknown,
"Setting: Kraken Mare (Titanian cryolacustrinie environment); water ice as bedrock (""cryorock""), tholin dust, meth lakes, bathtub rings, slushflows, magic islands.",TIMELINE_ROUGH.txt,Unknown,
"Flora/Fauna: Fossil Titanian organisms, sand-dollar-like thing, ""wishing heart"" (tholin-derivatives, doesn't melt); Neocryaster stelliferum (rare ""living fossil"" organism); common annoyingly whirring organism drawn to EM fields; graphene-mineralized ""kelp"".",TIMELINE_ROUGH.txt,Unknown,
"Pacing: Stark clarity, professional mood to tunnel-vision singlemindedness; slow build rising exponentially to climax; unhurried.",TIMELINE_ROUGH.txt,Unknown,
"Key Moments: Encounter with common organism, turbine jam (""tholin-based encrustation""), subtle motion of unknown organism, off-the-books detour, beacon subterfuge, commode system detail, discovery of kelp field, seeing the colony (Minnesotan crocheted doily), ""Want."".",TIMELINE_ROUGH.txt,Unknown,
"Linguistic Nuances: Xenogeological/hydrological/biological terms; lived-in linguistic realism; ""crynd"" (improvised parody of ""cryck"").",TIMELINE_ROUGH.txt,Unknown,
Structural Elements: Ethanocline (coined term for density layer).,TIMELINE_ROUGH.txt,Unknown,
"Ending Ambiguity: Caleb's disorientation, unlogged data, ruined marvel.",TIMELINE_ROUGH.txt,Unknown,
Themes: Embodiment and transformation; truth disguised as perversion; identity; Internet as performance space; fetish as philosophy; Midwest emotional ecology.,TIMELINE_ROUGH.txt,Unknown,
Proposed Elements:,TIMELINE_ROUGH.txt,Unknown,
"Guy with studs in his eyes (""Macula""): ""Studded like WWII sea-mines!"", belt matched; now a desert mystic, mods tear ducts to secrete salt-spray, trying to ""cry an ocean around a dry church"".",TIMELINE_ROUGH.txt,Unknown,
Flesh-pull/flesh-lift stuff: Part of body modification scene.,TIMELINE_ROUGH.txt,Unknown,
Climbing a 5.10 tree in Thailand: Connecting ninjas and rock climbing.,TIMELINE_ROUGH.txt,Unknown,
"""Crazy hilljack shit"": Anecdotes, local legends.",TIMELINE_ROUGH.txt,Unknown,
"""Synesthetic make-outs"": Younger cousin's experience of tasting childhood trauma through septum rings.",TIMELINE_ROUGH.txt,Unknown,
"Opening Scene: Waking up in Peepers' car, remembering a tail (not sure whose), hangover from transformation; ""you screamed it"" line.",TIMELINE_ROUGH.txt,Unknown,
Binge-o: Ratty mascot of all-night art jags.,TIMELINE_ROUGH.txt,Unknown,
"Structure: Non-linear, rhizomatic; jumps in time, focuses on key moments; chapters as self-contained stories but connected.",TIMELINE_ROUGH.txt,Unknown,
"Major Arcana: The Turret, The Desk Where Latin Died, The Engineer of Public Understanding, The Librarian of Lost Data.",TIMELINE_ROUGH.txt,Unknown,
"Minor Arcana: Pipettes, Bones, Lanyards, Keycards.",TIMELINE_ROUGH.txt,Unknown,
"""Side Quests"" / ""Texture & Flavor"": Little details and funny bits connecting set pieces.",TIMELINE_ROUGH.txt,Unknown,
"""Flying your own personal..."".",TIMELINE_ROUGH.txt,Unknown,
"""I know a girl in that movie"" / climbing to see stegosaurus.",TIMELINE_ROUGH.txt,Unknown,
Rosette on the wall.,TIMELINE_ROUGH.txt,Unknown,
Drummer in the attic.,TIMELINE_ROUGH.txt,Unknown,
"""A strange kiss, and strings"".",TIMELINE_ROUGH.txt,Unknown,
"""Teacher fetish"".",TIMELINE_ROUGH.txt,Unknown,
Teddy Roosevelt's roast pig.,TIMELINE_ROUGH.txt,Unknown,
Tibetan monks.,TIMELINE_ROUGH.txt,Unknown,
"""Giving B list celebrities the what for, not as good as giving a Sackler, the what for"".",TIMELINE_ROUGH.txt,Unknown,
"""Playgrounds for the rich"" (caviar, digits of pi, maids, Neanderthal).",TIMELINE_ROUGH.txt,Unknown,
Ian Tattersall and Skyrim connection.,TIMELINE_ROUGH.txt,Unknown,
Coincidences are all around us.,TIMELINE_ROUGH.txt,Unknown,
"""The Man Cage"".",TIMELINE_ROUGH.txt,Unknown,
"""Analog monologues,"" ""The Way Station,"" ""sex on tap"".",TIMELINE_ROUGH.txt,Unknown,
"""Listening for the Words"" (aesthetic values via lyrical taste).",TIMELINE_ROUGH.txt,Unknown,
"""Microscope neck"".",TIMELINE_ROUGH.txt,Unknown,
"""Educator's husband"" and ""professional pathologies"".",TIMELINE_ROUGH.txt,Unknown,
"""Assigned reading: Relic"".",TIMELINE_ROUGH.txt,Unknown,
"""Neanderthal Breast Size Argument"".",TIMELINE_ROUGH.txt,Unknown,
Curator's phone meltdown.,TIMELINE_ROUGH.txt,Unknown,
"""Unbelievable exuberance"" / ""enthusiasm training moment"".",TIMELINE_ROUGH.txt,Unknown,
"Memoir Writing Process: Collaborative, interview-style narrative; user provides memory flags, AI asks questions, looks for connections, and helps decide structure.",TIMELINE_ROUGH.txt,Unknown,
"Ritual: Every glass on shelf, retired; option to immortalize glass in acrylic block.",TIMELINE_ROUGH.txt,Unknown,
"Ingredients: Encoded descriptors (""whispered plum,"" ""fear of oranges""); eclectic glassware.",TIMELINE_ROUGH.txt,Unknown,
"User's Approach: Focus on caramelized onion for texture/flavor; ""flavor choreography engine"".",TIMELINE_ROUGH.txt,Unknown,
"Techniques: Suppressing dominant flavors (binding, precipitation, clarification, charcoal fining, emulsification).",TIMELINE_ROUGH.txt,Unknown,
◦ Other Concepts/Works,TIMELINE_ROUGH.txt,Unknown,
"""How to turn a zine into a qualification"".",TIMELINE_ROUGH.txt,Unknown,
"""Acadamic infiltration of informal pedagogy"".",TIMELINE_ROUGH.txt,Unknown,
"""Teachers who care rule"".",TIMELINE_ROUGH.txt,Unknown,
"""Unreasonable enthusiasm"".",TIMELINE_ROUGH.txt,Unknown,
"""Why do stand-up when comedy works better when people aren't expecting it?"".",TIMELINE_ROUGH.txt,Unknown,
"""Trivial Pursuit Chaos"".",TIMELINE_ROUGH.txt,Unknown,
"""The Discount Carter Emmett"".",TIMELINE_ROUGH.txt,Unknown,
"""Rosette on the wall"".",TIMELINE_ROUGH.txt,Unknown,
"""Drummer in the attic"".",TIMELINE_ROUGH.txt,Unknown,
"""Flying your own personal..."".",TIMELINE_ROUGH.txt,Unknown,
"""I know a girl in that movie"".",TIMELINE_ROUGH.txt,Unknown,
"""The distribution of the African gull (in South America)"".",TIMELINE_ROUGH.txt,Unknown,
"""Making friends with Tina Cottone"".",TIMELINE_ROUGH.txt,Unknown,
III. Linguistic & Stylistic Reflections [Chat],TIMELINE_ROUGH.txt,Unknown,
◦ Punctuation as Guide: Tiny stumbling block for pacing; reflects systematicity for reader cadence.,TIMELINE_ROUGH.txt,Unknown,
"◦ ""Contextually Dislocated Catchphrases"": Phrases function as unmoored idiomatic modules, ripped from semantic anchors, used for tonal leverage.",TIMELINE_ROUGH.txt,Unknown,
"""The night is young."" (destabilizing rhetorical encouragement/threat/prediction).",TIMELINE_ROUGH.txt,Unknown,
"""Sorry I blew up."" (past-tense, absurdist afterthought; implies drama happened; punchline/defusing).",TIMELINE_ROUGH.txt,Unknown,
"""Herring stock."" (layered pun, recursive genre-awareness; breaks classification).",TIMELINE_ROUGH.txt,Unknown,
"◦ ""Too Bold Protocol"" / ""Operation: Dove Drop"": Strategy for comedic exit using un-apologetic lyrics (""Why do we scream at each other?"") after a perceived overshare.",TIMELINE_ROUGH.txt,Unknown,
"◦ ""Stylistic Phonology"": User's approach to language as cognitive interface, delivery mechanism for epistemic precision; use of stutters, beat breaks, refrains, lexical quirks; writing for readers who feel syntax subdermally.",TIMELINE_ROUGH.txt,Unknown,
"◦ Language & Identity (Scots Language Dream): User's dream about reclaiming/inheriting a language, feeling the gap between loving a language and using it as a stage.",TIMELINE_ROUGH.txt,Unknown,
"◦ AAVE Rebranding Discussion: ""Black English is already just fine""; ""Real Sauce: The English of Your Other Mother"" (book title concept); ""linguistic flex"".",TIMELINE_ROUGH.txt,Unknown,
◦ Scientific Coinage:,TIMELINE_ROUGH.txt,Unknown,
Regmaglypt: German word used in Anglophone meteoritics.,TIMELINE_ROUGH.txt,Unknown,
Latinity Matrix: Taxonomy of how different languages fake Latin.,TIMELINE_ROUGH.txt,Unknown,
"""Shadow internationalisms"": Terms in scientific Russian rare in English.",TIMELINE_ROUGH.txt,Unknown,
"""Scientific coinage dependency tree"": How languages rely on upstream linguistic sources.",TIMELINE_ROUGH.txt,Unknown,
"Classical coinage: Now mostly decorative or archaic credentialing; ""dead language again"".",TIMELINE_ROUGH.txt,Unknown,
"""Apocryphal close of an entire linguistic era"".",TIMELINE_ROUGH.txt,Unknown,
IV. Meta-Conversation & AI Collaboration [Chat],TIMELINE_ROUGH.txt,Unknown,
"◦ AI's Role: Ghostwriter, interviewee (simulating 2005 Nathan), collaborator; ""curating a deliberate intellectual encounter"".",TIMELINE_ROUGH.txt,Unknown,2005
"◦ Iterative Development: Creative projects with user involve iterative process, leading to shifts in direction; ""rambling and associative"" thinking.",TIMELINE_ROUGH.txt,Unknown,
"◦ Critique Preferences: Preference for criticism/pushback over compliments; intellectual engagement as default compliment; desire for specific, evidence-based superlatives.",TIMELINE_ROUGH.txt,Unknown,
"◦ AI Customization: Personality guidance in ""settings"" for consistent filter; feeding real text to prime tone; Mametbot example; user's ""driving and voice dictating"" style vs. polished style.",TIMELINE_ROUGH.txt,Unknown,
"◦ Council of Critique Elders: Assembling a critical polyphony (Le Guin, Lispector, Woolf, Kafka, Amis, Tschinag, Mamet, Chandler, VanderMeer, Andrews, Miéville).",TIMELINE_ROUGH.txt,Unknown,
"Methodology: Emulate reasoning/sensibility; internal monologue; identify author's intention; deepen contradiction/mood/stakes; based on writing, on-record opinions, inferred worldview, creative extrapolation.",TIMELINE_ROUGH.txt,Unknown,
"◦ Livestream Project Concept: YouTube video with two virtual avatars (Skyrim/Sims 4 NPCs) mouthing text feeds (from screengrab/input box), with canned content for idle times; for Neanderthal extinction theories or other content; leveraging modding experience.",TIMELINE_ROUGH.txt,Unknown,
"◦ ""Confirmatory apocrypha"": Stories that, while unverifiable, so perfectly fit someone’s vibe that they become a social truth, functioning more like folklore than evidence.",TIMELINE_ROUGH.txt,Unknown,
"◦ Conversation as Performance: ""It’s already performance. This is just the frame."".",TIMELINE_ROUGH.txt,Unknown,
"◦ ""Self-boiling cliché cascade"": Recursive idiom use.",TIMELINE_ROUGH.txt,Unknown,
"◦ ""The problem with writing conventions. Is that they’re for writing."": Key statement on user's philosophy of style.",TIMELINE_ROUGH.txt,Unknown,
